columnwidth,col1,col2,col3,col4,col5,col6,col7,col8,col9,col10,col11,col12,col13,col14,col15
37,7,13,14,6,5,8,0,0,0,0,0,0,0,0,0
359,33,114,1,3,1,38,0,0,0,0,0,0,0,0,0
396,187,256,257,0,0,0,0,0,0,0,0,0,0,0,0
113,7,42,58,53,39,29,36,0,0,0,0,0,0,0,0
282,11,252,295,96,262,81,46,0,0,0,0,0,0,0,0
174,7,78,66,21,16,72,0,0,0,0,0,0,0,0,0
222,11,106,105,108,86,71,0,0,0,0,0,0,0,0,0
115,7,20,0,0,0,0,0,0,0,0,0,0,0,0,0
281,11,95,0,0,0,0,0,0,0,0,0,0,0,0,0
162,38,26,70,288,0,0,0,0,0,0,0,0,0,0,0
234,373,266,112,399,0,0,0,0,0,0,0,0,0,0,0
135,7,71,104,56,49,0,0,0,0,0,0,0,0,0,0
110,14,89,89,88,232,0,0,0,0,0,0,0,0,0,0
135,15,129,93,198,369,0,0,0,0,0,0,0,0,0,0
127,9,148,93,139,313,0,0,0,0,0,0,0,0,0,0
99,6,166,118,160,173,0,0,0,0,0,0,0,0,0,0
51,6,6,5,6,6,5,5,8,13,15,0,0,0,0,0
104,16,18,47,24,31,49,45,48,34,73,0,0,0,0,0
240,42,226,92,159,136,98,128,107,68,116,0,0,0,0,0
196,12,6,425,13,43,7,128,0,0,0,0,0,0,0,0
200,16,23,531,42,24,24,162,0,0,0,0,0,0,0,0
40,9,3,3,3,3,3,3,3,3,3,4,3,3,3,3
106,16,44,41,94,21,53,50,42,42,75,53,46,29,44,79
250,8,101,123,249,140,403,316,80,245,349,484,348,147,119,135
145,11,494,0,0,0,0,0,0,0,0,0,0,0,0,0
135,8,456,0,0,0,0,0,0,0,0,0,0,0,0,0
115,7,361,0,0,0,0,0,0,0,0,0,0,0,0,0
87,6,65,62,14,52,23,42,73,0,0,0,0,0,0,0
99,8,9,63,38,12,60,22,62,0,0,0,0,0,0,0
210,7,369,189,199,312,138,206,160,0,0,0,0,0,0,0
48,7,13,6,6,5,5,8,0,0,0,0,0,0,0,0
135,17,86,78,49,60,27,28,0,0,0,0,0,0,0,0
113,17,95,50,58,60,77,28,0,0,0,0,0,0,0,0
100,15,95,50,33,61,77,47,0,0,0,0,0,0,0,0
56,8,29,41,0,0,0,0,0,0,0,0,0,0,0,0
168,3,204,472,0,0,0,0,0,0,0,0,0,0,0,0
172,3,536,472,0,0,0,0,0,0,0,0,0,0,0,0
138,47,259,0,0,0,0,0,0,0,0,0,0,0,0,0
147,14,266,0,0,0,0,0,0,0,0,0,0,0,0,0
111,23,136,0,0,0,0,0,0,0,0,0,0,0,0,0
55,18,11,11,11,11,11,11,11,0,0,0,0,0,0,0
154,5,19,18,145,14,110,149,293,0,0,0,0,0,0,0
58,16,3,3,3,4,4,4,4,0,0,0,0,0,0,0
129,25,55,25,101,19,36,160,108,0,0,0,0,0,0,0
36,7,8,8,7,7,9,9,0,9,9,0,9,9,7,9
360,38,173,126,324,690,51,239,405,858,155,2051,407,659,124,623
73,22,25,27,5,35,44,0,0,0,0,0,0,0,0,0
124,11,64,108,125,142,111,0,0,0,0,0,0,0,0,0
199,48,162,167,123,221,176,0,0,0,0,0,0,0,0,0
47,6,20,11,23,25,30,0,0,0,0,0,0,0,0,0
58,1,5,0,0,0,0,0,0,0,0,0,0,0,0,0
25,108,15,1,1,1,1,0,0,0,0,0,0,0,0,0
28,1,32,0,0,0,0,0,0,0,0,0,0,0,0,0
64,14,0,1,1,1,0,0,0,0,0,0,0,0,0,0
77,29,0,11,11,11,0,0,0,0,0,0,0,0,0,0
35,1,15,0,0,0,0,0,0,0,0,0,0,0,0,0
63,27,1,0,1,1,0,0,0,0,0,0,0,0,0,0
196,23,50,345,81,61,54,49,118,17,158,0,0,0,0,0
200,55,327,74,49,54,50,118,17,15,0,0,0,0,0,0
130,124,46,32,0,44,46,0,51,0,0,0,0,0,0,0
112,1,28,123,139,166,195,176,186,186,186,0,0,0,0,0
69,22,259,0,0,0,0,0,0,0,0,0,0,0,0,0
3,1,1,0,0,0,0,0,0,0,0,0,0,0,0,0
99,1,1,1,1,1,0,0,0,0,0,0,0,0,0,0
194,61,77,0,0,0,0,0,0,0,0,0,0,0,0,0
34,15,6,6,6,7,14,0,0,0,0,0,0,0,0,0
68,11,19,15,19,37,21,0,0,0,0,0,0,0,0,0
294,8,165,255,162,187,193,0,0,0,0,0,0,0,0,0
149,35,170,13,25,44,24,36,42,40,55,14,63,1440,0,0
246,0,76,82,210,0,0,201,374,585,0,0,0,0,0,0
396,31,2168,50,1834,0,0,0,0,0,0,0,0,0,0,0
202,18,14,65,43,56,47,50,54,42,49,45,37,44,46,45
173,115,14,12,28,44,37,22,22,24,16,26,14,39,25,36
232,143,9,43,28,35,26,26,25,31,29,26,33,31,36,52
64,42,0,10,4,4,4,4,0,0,0,0,0,0,0,0
63,3,0,0,0,0,0,0,0,0,0,0,0,0,0,0
96,0,0,0,0,0,0,0,0,0,0,0,0,0,0,0
86,18,6,0,0,0,0,0,0,0,0,0,0,0,0,0
86,0,0,0,0,0,0,0,0,0,0,0,0,0,0,0
55,40,13,4,0,0,0,0,0,0,0,0,0,0,0,0
53,4,47,0,0,0,0,0,0,0,0,0,0,0,0,0
45,31,9,0,0,0,0,0,0,0,0,0,0,0,0,0
26,12,1,0,0,0,0,0,0,0,0,0,0,0,0,0
52,39,1,0,0,0,0,0,0,0,0,0,0,0,0,0
65,24,113,0,0,0,0,0,0,0,0,0,0,0,0,0
65,28,14,21,0,0,0,0,0,0,0,0,0,0,0,0
73,43,19,65,51,0,0,0,0,0,0,0,0,0,0,0
69,41,17,65,37,0,0,0,0,0,0,0,0,0,0,0
44,7,0,3,0,0,0,0,0,0,0,0,0,0,0,0
59,27,0,1,0,0,0,0,0,0,0,0,0,0,0,0
40,45,8,1,3,3,3,3,3,1,3,3,3,3,3,3
296,4,49,47,29,15,19,47,33,31,37,52,29,12,31,104
61,22,0,0,0,0,0,0,0,0,0,0,0,0,0,0
77,23,31,12,13,14,20,0,17,15,14,0,0,0,0,0
319,13,299,567,653,401,355,301,1018,362,105,0,0,0,0,0
396,97,431,0,0,0,0,0,0,0,0,0,0,0,0,0
183,482,0,0,0,0,0,0,0,0,0,0,0,0,0,0
213,357,0,0,0,0,0,0,0,0,0,0,0,0,0,0
107,481,40,30,34,20,29,26,0,0,0,0,0,0,0,0
289,100,72,61,156,55,69,0,0,0,0,0,0,0,0,0
125,7,8,8,8,7,7,7,0,0,0,0,0,0,0,0
120,10,13,32,19,5,29,11,0,0,0,0,0,0,0,0
108,11,12,8,8,8,8,7,7,7,8,0,0,0,0,0
186,23,18,20,25,20,23,42,54,22,13,0,0,0,0,0
119,16,10,7,7,7,6,6,6,6,7,0,0,0,0,0
189,21,36,20,25,19,40,41,54,22,13,0,0,0,0,0
64,29,0,0,0,0,0,0,0,0,0,0,0,0,0,0
67,7,17,18,9,0,0,0,0,0,0,0,0,0,0,0
264,132,62,65,174,0,0,0,0,0,0,0,0,0,0,0
92,17,12,11,25,8,30,0,0,0,0,0,0,0,0,0
304,11,112,38,87,53,144,0,0,0,0,0,0,0,0,0
38,15,7,0,0,0,0,0,0,0,0,0,0,0,0,0
279,463,71,0,0,0,0,0,0,0,0,0,0,0,0,0
45,5,3,9,12,0,0,0,0,0,0,0,0,0,0,0
56,229,338,23,8,344,0,0,0,0,0,0,0,0,0,0
70,27,0,0,0,0,0,0,0,0,0,0,0,0,0,0
73,20,8,0,0,0,0,0,0,0,0,0,0,0,0,0
64,25,8,0,0,0,0,0,0,0,0,0,0,0,0,0
40,0,8,0,0,0,0,0,0,0,0,0,0,0,0,0
49,11,8,0,0,0,0,0,0,0,0,0,0,0,0,0
103,7,38,30,0,0,0,0,0,0,0,0,0,0,0,0
293,195,438,428,0,0,0,0,0,0,0,0,0,0,0,0
66,8,14,7,8,0,0,0,0,0,0,0,0,0,0,0
330,183,166,141,153,0,0,0,0,0,0,0,0,0,0,0
64,5,7,11,9,9,16,9,17,7,0,0,0,0,0,0
48,19,1,1,1,1,1,1,1,1,0,0,0,0,0,0
86,22,3,3,3,3,3,2,2,2,0,0,0,0,0,0
56,24,0,0,0,0,2,0,1,0,0,0,0,0,0,0
33,9,3,3,3,3,3,3,3,3,0,0,0,0,0,0
34,11,3,3,3,3,3,3,3,3,0,0,0,0,0,0
69,12,7,11,9,9,16,9,17,7,0,0,0,0,0,0
45,8,1,1,1,1,1,1,1,1,0,0,0,0,0,0
54,10,1,1,0,0,0,0,0,0,0,0,0,0,0,0
100,4,0,0,25,20,20,20,20,20,0,0,0,0,0,0
103,18,0,0,0,0,0,1,1,1,0,0,0,0,0,0
77,6,6,15,9,0,0,0,0,0,0,0,0,0,0,0
285,82,153,154,44,0,0,0,0,0,0,0,0,0,0,0
31,5,1,2,3,2,1,2,3,4,2,1,2,3,4,3
240,7,51,33,51,38,21,52,41,23,63,47,62,33,38,61
29,3,0,1,1,1,0,1,0,0,0,0,0,0,0,1
74,34,1,0,0,0,0,0,1,0,1,0,0,0,0,0
396,20,160,293,255,95,20,161,206,184,146,15,186,108,95,299
136,11,23,10,17,8,9,27,8,12,0,0,0,0,0,0
151,29,1,394,137,39,190,126,169,371,0,0,0,0,0,0
152,29,237,74,57,141,83,98,507,0,0,0,0,0,0,0
166,36,660,65,459,314,120,466,0,0,0,0,0,0,0,0
178,32,176,96,95,196,36,93,0,0,0,0,0,0,0,0
219,46,193,110,361,182,73,108,0,0,0,0,0,0,0,0
85,5,14,7,7,20,15,7,15,24,8,8,8,36,15,14
310,0,22,173,46,76,83,107,56,63,54,111,82,0,22,44
124,5,14,7,33,50,12,42,17,19,10,16,9,14,9,15
272,0,84,29,125,68,214,36,23,17,40,75,0,165,0,79
66,0,9,16,9,29,23,25,7,3,0,0,0,0,0,0
149,34,17,17,17,17,18,18,18,18,20,34,17,17,17,15
181,15,40,40,40,40,42,42,42,42,18,40,76,0,0,67
84,19,18,38,0,0,0,0,0,0,0,0,0,0,0,0
277,34,171,450,0,0,0,0,0,0,0,0,0,0,0,0
24,28,0,1,1,1,1,1,1,1,1,1,2,2,2,2
372,63,71,155,196,84,77,187,138,83,117,93,161,63,67,68
43,110,14,1,1,2,13,2,0,0,0,0,0,0,0,0
79,12,59,56,77,69,86,0,0,0,0,0,0,0,0,0
75,17,12,965,23,190,55,331,51,203,86,0,0,0,0,0
200,8,137,347,139,162,101,0,0,0,0,0,0,0,0,0
58,11,51,50,41,115,0,0,0,0,0,0,0,0,0,0
74,8,32,104,79,33,0,0,0,0,0,0,0,0,0,0
263,422,615,907,679,687,0,0,0,0,0,0,0,0,0,0
61,117,10,27,21,17,41,31,7,17,29,0,0,0,0,0
110,12,79,57,71,36,203,940,81,120,112,0,0,0,0,0
108,17,14,17,180,24,238,42,42,107,0,0,0,0,0,0
116,8,82,59,100,31,116,228,0,146,25,0,0,0,0,0
81,6,222,0,0,0,0,0,0,0,0,0,0,0,0,0
138,4,695,0,0,0,0,0,0,0,0,0,0,0,0,0
179,44,883,0,0,0,0,0,0,0,0,0,0,0,0,0
95,13,223,0,0,0,0,0,0,0,0,0,0,0,0,0
84,19,106,0,0,0,0,0,0,0,0,0,0,0,0,0
124,22,193,0,0,0,0,0,0,0,0,0,0,0,0,0
95,20,229,0,0,0,0,0,0,0,0,0,0,0,0,0
91,39,22,13,20,46,14,19,14,15,22,29,33,43,37,39
37,13,0,1,1,1,1,1,0,0,0,1,0,0,0,1
39,22,1,1,1,1,1,1,1,1,0,1,1,0,1,1
37,23,0,0,0,1,1,0,0,0,1,0,1,1,0,1
36,18,0,0,0,1,1,0,1,1,0,1,1,1,0,1
36,17,0,0,0,1,1,0,0,0,1,1,1,1,0,1
34,14,0,0,0,1,1,0,0,0,1,0,0,0,0,0
58,26,0,0,0,1,1,0,0,0,0,0,0,0,0,0
28,12,0,0,0,1,1,0,0,0,0,0,0,0,0,0
49,40,18,14,12,68,0,0,0,0,0,0,0,0,0,0
106,32,104,65,0,0,0,0,0,0,0,0,0,0,0,0
50,26,18,18,12,0,0,0,0,0,0,0,0,0,0,0
94,26,26,83,0,0,0,0,0,0,0,0,0,0,0,0
96,57,100,104,93,0,0,0,0,0,0,0,0,0,0,0
84,7,16,33,32,32,25,18,13,34,4,6,21,19,12,64
312,233,154,217,171,253,161,194,602,81,276,222,44,82,123,319
18,54,18,0,0,0,0,0,0,0,0,0,0,0,0,0
77,62,41,60,24,0,0,0,0,0,0,0,0,0,0,0
18,21,0,0,0,0,0,0,0,0,0,0,0,0,0,0
67,14,32,12,24,11,0,0,0,0,0,0,0,0,0,0
18,47,20,0,0,0,0,0,0,0,0,0,0,0,0,0
135,69,13,173,35,22,95,0,0,0,0,0,0,0,0,0
175,11,206,0,0,0,0,0,0,0,0,0,0,0,0,0
221,24,478,0,0,0,0,0,0,0,0,0,0,0,0,0
41,55,18,24,7,18,0,0,0,0,0,0,0,0,0,0
149,62,41,60,24,95,109,95,0,0,0,0,0,0,0,0
49,21,124,138,308,0,0,0,0,0,0,0,0,0,0,0
103,47,32,12,24,11,0,0,0,0,0,0,0,0,0,0
35,66,20,0,0,0,0,0,0,0,0,0,0,0,0,0
229,69,13,173,35,23,96,207,83,113,0,0,0,0,0,0
135,20,162,0,0,0,0,0,0,0,0,0,0,0,0,0
126,19,106,0,0,0,0,0,0,0,0,0,0,0,0,0
166,22,201,0,0,0,0,0,0,0,0,0,0,0,0,0
180,20,229,0,0,0,0,0,0,0,0,0,0,0,0,0
190,39,22,13,20,46,14,19,14,15,23,29,33,43,37,39
40,13,0,1,1,1,1,1,0,0,0,1,0,0,0,1
62,22,1,2,2,1,1,1,1,1,0,1,1,0,1,1
58,23,0,0,0,1,1,0,0,0,1,0,1,1,0,1
72,17,0,0,0,1,1,0,1,1,0,1,1,1,0,1
54,17,0,0,0,1,1,0,0,0,1,1,1,1,0,1
38,14,0,0,0,1,1,0,0,0,1,0,0,0,0,0
63,27,0,0,0,1,1,0,0,0,0,0,0,0,0,0
28,12,0,0,0,1,1,0,0,0,0,0,0,0,0,0
37,62,14,3,3,3,3,3,0,0,0,0,0,0,0,0
74,6,18,8,13,5,10,0,0,0,0,0,0,0,0,0
208,12,16,54,74,87,48,0,0,0,0,0,0,0,0,0
85,33,3,3,3,3,3,3,0,0,0,0,0,0,0,0
51,6,6,8,8,10,6,10,0,0,0,0,0,0,0,0
68,17,13,15,15,15,16,5,0,0,0,0,0,0,0,0
85,42,17,7,19,19,19,8,0,0,0,0,0,0,0,0
58,21,33,1,0,0,0,0,0,0,0,0,0,0,0,0
60,6,8,8,10,6,10,13,0,0,0,0,0,0,0,0
22,3,3,3,3,3,3,3,0,0,0,0,0,0,0,0
93,13,13,23,23,23,23,23,3,10,16,0,0,0,0,0
93,17,13,13,23,23,23,23,3,5,0,0,0,0,0,0
93,17,17,13,13,23,23,23,3,13,0,0,0,0,0,0
93,17,17,17,13,13,23,23,3,8,0,0,0,0,0,0
93,17,17,17,17,13,13,23,3,12,0,0,0,0,0,0
44,0,17,3,5,3,5,3,5,5,5,5,5,5,5,1
72,112,15,13,11,6,26,19,35,18,13,11,27,30,30,30
78,25,51,18,18,17,16,17,16,16,16,16,17,19,18,18
139,19,77,89,60,103,44,79,79,82,82,82,45,149,146,25
100,4,68,13,64,18,31,31,15,37,18,15,23,24,13,1
68,15,38,12,10,10,12,12,12,10,10,10,14,10,3,3
49,16,11,12,16,14,9,11,12,12,11,9,16,3,3,0
61,15,18,10,8,8,8,18,8,8,8,8,18,18,8,8
72,14,10,10,7,16,9,17,8,56,0,0,0,0,0,0
94,21,6,10,18,13,9,0,0,0,0,0,0,0,0,0
90,18,19,20,23,8,8,12,0,0,0,0,0,0,0,0
77,19,8,7,5,10,0,0,0,0,0,0,0,0,0,0
29,0,3,3,3,3,0,0,0,0,0,0,0,0,0,0
273,40,133,107,80,51,0,0,0,0,0,0,0,0,0,0
28,5,3,3,3,3,0,0,0,0,0,0,0,0,0,0
63,11,8,8,10,6,0,0,0,0,0,0,0,0,0,0
94,42,8,21,21,8,0,0,0,0,0,0,0,0,0,0
123,29,5,15,15,5,0,0,0,0,0,0,0,0,0,0
40,5,3,3,3,3,0,0,0,0,0,0,0,0,0,0
68,11,8,8,10,6,0,0,0,0,0,0,0,0,0,0
159,23,46,34,42,38,0,0,0,0,0,0,0,0,0,0
127,29,29,15,15,5,0,0,0,0,0,0,0,0,0,0
46,33,1,0,0,0,0,0,0,0,0,0,0,0,0,0
58,8,8,10,6,0,0,0,0,0,0,0,0,0,0,0
33,3,3,3,3,0,0,0,0,0,0,0,0,0,0,0
49,0,0,0,0,3,10,16,0,0,0,0,0,0,0,0
34,0,0,0,0,3,5,0,0,0,0,0,0,0,0,0
38,0,0,0,0,3,7,0,0,0,0,0,0,0,0,0
39,0,0,0,0,3,8,0,0,0,0,0,0,0,0,0
70,21,20,13,12,24,12,24,12,24,11,0,0,0,0,0
183,5,51,222,27,132,50,74,54,15,99,163,0,0,0,0
47,0,1,1,1,1,1,1,1,1,1,2,0,0,0,0
95,22,25,13,13,14,13,19,13,42,53,28,0,0,0,0
78,44,12,0,0,0,0,0,0,0,0,0,0,0,0,0
49,10,26,0,0,0,0,0,0,0,0,0,0,0,0,0
89,23,43,0,0,0,0,0,0,0,0,0,0,0,0,0
181,95,208,0,0,0,0,0,0,0,0,0,0,0,0,0
198,47,704,0,0,0,0,0,0,0,0,0,0,0,0,0
198,29,563,0,0,0,0,0,0,0,0,0,0,0,0,0
198,8,908,0,0,0,0,0,0,0,0,0,0,0,0,0
57,19,1,0,0,0,0,0,0,0,0,0,0,0,0,0
166,6,805,0,0,0,0,0,0,0,0,0,0,0,0,0
109,45,100,0,0,0,0,0,0,0,0,0,0,0,0,0
76,7,150,0,0,0,0,0,0,0,0,0,0,0,0,0
183,8,910,0,0,0,0,0,0,0,0,0,0,0,0,0
59,19,1,0,0,0,0,0,0,0,0,0,0,0,0,0
162,6,630,0,0,0,0,0,0,0,0,0,0,0,0,0
111,45,100,0,0,0,0,0,0,0,0,0,0,0,0,0
90,7,151,0,0,0,0,0,0,0,0,0,0,0,0,0
79,8,268,0,0,0,0,0,0,0,0,0,0,0,0,0
53,19,1,0,0,0,0,0,0,0,0,0,0,0,0,0
115,6,315,0,0,0,0,0,0,0,0,0,0,0,0,0
67,45,46,0,0,0,0,0,0,0,0,0,0,0,0,0
81,7,67,0,0,0,0,0,0,0,0,0,0,0,0,0
142,8,431,167,0,0,0,0,0,0,0,0,0,0,0,0
74,19,1,1,0,0,0,0,0,0,0,0,0,0,0,0
140,6,255,121,0,0,0,0,0,0,0,0,0,0,0,0
111,45,40,84,0,0,0,0,0,0,0,0,0,0,0,0
139,7,143,202,0,0,0,0,0,0,0,0,0,0,0,0
81,6,29,57,26,26,25,64,43,51,44,39,27,20,0,21
109,19,51,99,51,49,45,70,154,39,47,52,53,108,131,60
110,4,5,90,87,55,87,55,7,38,32,87,65,60,33,30
48,16,12,8,7,5,7,5,10,5,12,8,7,5,12,8
47,2,18,18,8,8,8,8,18,8,18,18,8,8,18,8
73,6,19,16,20,8,0,0,0,0,0,0,0,0,0,0
226,19,7,8,43,7,8,18,21,67,66,34,43,40,0,0
77,4,69,0,0,0,0,0,0,0,0,0,0,0,0,0
64,12,60,50,55,59,0,0,0,0,0,0,0,0,0,0
49,18,38,39,35,35,0,0,0,0,0,0,0,0,0,0
50,6,17,17,17,20,0,0,0,0,0,0,0,0,0,0
66,19,51,51,51,41,0,0,0,0,0,0,0,0,0,0
111,4,5,90,87,55,5,90,87,55,5,90,87,55,69,0
55,8,12,8,7,5,12,8,7,5,12,8,7,5,69,0
49,2,4,4,4,4,8,8,8,8,3,3,3,3,53,0
65,2,18,18,8,8,18,18,8,8,18,18,8,8,69,0
49,3,10,10,6,10,10,10,6,6,10,10,10,6,53,0
49,10,8,8,8,8,8,8,8,3,8,8,3,3,53,0
30,6,1,1,1,1,0,0,0,0,0,0,0,0,0,0
54,4,28,28,21,21,0,0,0,0,0,0,0,0,0,0
49,19,27,33,37,37,0,0,0,0,0,0,0,0,0,0
81,35,92,83,45,110,0,0,0,0,0,0,0,0,0,0
34,14,3,3,2,3,0,0,0,0,0,0,0,0,0,0
69,15,39,62,78,78,0,0,0,0,0,0,0,0,0,0
81,17,87,87,87,87,0,0,0,0,0,0,0,0,0,0
136,28,21,36,10,23,11,8,19,12,7,36,14,25,0,0
260,3,12,27,12,18,9,83,32,97,50,25,14,0,0,0
148,28,21,36,10,23,11,8,19,12,7,36,14,25,0,0
248,3,8,47,12,18,9,83,32,90,61,25,14,0,0,0
140,28,21,36,10,23,11,8,19,12,7,36,14,25,0,0
256,3,9,47,12,18,9,79,32,90,50,15,14,0,0,0
142,28,21,36,10,23,11,8,19,12,7,36,14,25,0,0
253,3,9,71,13,18,15,122,21,91,43,36,25,0,0,0
79,15,108,0,0,0,0,0,0,0,0,0,0,0,0,0
93,18,134,0,0,0,0,0,0,0,0,0,0,0,0,0
107,20,85,0,0,0,0,0,0,0,0,0,0,0,0,0
117,17,181,0,0,0,0,0,0,0,0,0,0,0,0,0
46,40,18,14,12,70,0,0,0,0,0,0,0,0,0,0
91,40,98,61,0,0,0,0,0,0,0,0,0,0,0,0
46,26,18,18,12,0,0,0,0,0,0,0,0,0,0,0
99,26,28,78,0,0,0,0,0,0,0,0,0,0,0,0
115,59,100,105,93,0,0,0,0,0,0,0,0,0,0,0
180,14,21,37,23,61,44,15,19,0,0,0,0,0,0,0
93,20,8,7,7,6,7,8,7,0,0,0,0,0,0,0
123,18,7,4,34,18,9,22,24,0,0,0,0,0,0,0
140,35,284,0,0,0,0,0,0,0,0,0,0,0,0,0
114,55,164,0,0,0,0,0,0,0,0,0,0,0,0,0
142,83,118,0,0,0,0,0,0,0,0,0,0,0,0,0
12,1,1,1,1,1,1,1,1,1,0,0,0,0,0,0
384,54,256,351,191,86,193,168,183,99,0,0,0,0,0,0
66,24,16,12,0,0,0,0,0,0,0,0,0,0,0,0
75,28,13,11,13,13,11,13,0,0,0,0,0,0,0,0
64,39,3,3,0,3,3,0,0,0,0,0,0,0,0,0
50,31,4,6,3,3,6,3,3,0,0,0,0,0,0,0
49,6,6,3,3,6,6,6,0,0,0,0,0,0,0,0
92,7,20,39,42,18,13,1,0,0,0,0,0,0,0,0
174,12,331,41,66,0,0,0,0,0,0,0,0,0,0,0
222,9,334,575,36,0,0,0,0,0,0,0,0,0,0,0
117,18,441,0,0,0,0,0,0,0,0,0,0,0,0,0
141,15,529,0,0,0,0,0,0,0,0,0,0,0,0,0
135,27,578,0,0,0,0,0,0,0,0,0,0,0,0,0
69,52,29,35,0,37,45,0,57,67,55,20,0,0,0,0
159,25,70,130,265,401,749,467,288,570,645,415,0,0,0,0
168,8,63,185,299,252,119,0,29,301,430,0,0,0,0,0
49,23,4,4,4,4,4,4,5,8,8,0,8,102,0,0
76,11,64,82,21,30,54,117,40,96,109,0,112,41,49,50
153,19,64,470,80,125,297,516,214,652,251,350,172,790,0,0
120,79,208,178,130,111,123,74,180,72,154,0,59,515,0,0
50,11,6,10,0,0,0,0,0,0,0,0,0,0,0,0
222,23,475,160,0,0,0,0,0,0,0,0,0,0,0,0
123,7,224,0,0,0,0,0,0,0,0,0,0,0,0,0
182,6,197,161,125,168,101,0,0,0,0,0,0,0,0,0
214,22,140,106,315,427,85,0,0,0,0,0,0,0,0,0
119,20,5,20,15,0,0,0,0,0,0,0,0,0,0,0
111,27,10,20,20,0,0,0,0,0,0,0,0,0,0,0
50,16,7,3,50,0,0,0,0,0,0,0,0,0,0,0
83,51,21,14,16,23,25,18,16,23,23,14,18,23,0,0
22,35,17,3,1,1,1,1,0,0,0,0,0,0,0,0
20,6,0,0,0,0,1,1,1,1,0,0,0,0,0,0
20,6,0,0,0,0,0,0,0,0,1,1,1,1,0,0
40,79,25,46,0,0,1,1,0,1,0,1,0,0,0,0
32,25,0,0,1,1,0,1,0,1,0,0,0,0,0,0
59,44,0,0,1,1,46,0,0,1,1,0,0,0,0,0
31,25,0,0,1,1,0,0,1,1,0,0,0,0,0,0
45,9,0,1,0,1,0,1,0,1,46,0,0,0,0,0
61,31,0,1,0,1,0,1,0,1,0,0,0,0,0,0
48,13,0,1,0,1,0,1,0,1,0,0,0,0,0,0
120,12,73,85,0,85,73,85,0,86,73,80,0,0,0,0
101,45,59,77,68,61,0,0,0,0,0,0,0,0,0,0
143,43,64,59,63,136,124,90,63,57,154,0,0,0,0,0
73,44,12,12,12,12,12,16,16,12,16,0,0,0,0,0
78,3,28,28,28,28,28,56,59,28,32,0,0,0,0,0
55,26,15,7,0,0,0,0,0,0,0,0,0,0,0,0
31,69,12,3,0,0,0,0,0,0,0,0,0,0,0,0
31,12,3,0,0,0,0,0,0,0,0,0,0,0,0,0
32,12,2,0,0,0,0,0,0,0,0,0,0,0,0,0
32,12,2,0,0,0,0,0,0,0,0,0,0,0,0,0
32,12,3,0,0,0,0,0,0,0,0,0,0,0,0,0
32,12,2,0,0,0,0,0,0,0,0,0,0,0,0,0
55,41,12,0,0,0,0,0,0,0,0,0,0,0,0,0
95,6,70,0,0,0,0,0,0,0,0,0,0,0,0,0
191,46,761,29,429,0,0,0,0,0,0,0,0,0,0,0
204,7,954,7,364,0,0,0,0,0,0,0,0,0,0,0
396,753,1002,0,0,0,0,0,0,0,0,0,0,0,0,0
88,17,37,23,18,7,21,24,63,70,0,0,0,0,0,0
99,15,324,43,113,52,206,103,13,4,4,4,4,4,4,4
65,40,17,4,41,8,30,12,23,30,0,0,0,0,0,0
82,44,0,0,0,0,0,0,0,0,0,0,0,0,0,0
20,11,25,28,25,35,47,25,52,47,0,0,0,0,0,0
250,11,43,101,0,0,0,0,0,0,0,0,0,0,0,0
191,15,30,163,65,0,0,0,0,0,0,0,0,0,0,0
204,11,224,243,234,0,0,0,0,0,0,0,0,0,0,0
108,45,27,26,25,13,35,14,14,19,17,15,25,26,21,46
183,28,33,90,27,57,75,48,51,46,53,38,44,46,37,39
104,33,34,26,12,37,52,22,22,24,16,26,39,25,15,24
34,0,10,2,9,0,0,0,0,0,0,0,0,0,0,0
60,4,11,24,9,9,17,24,16,9,0,0,0,0,0,0
302,11,95,75,110,109,310,67,184,108,0,0,0,0,0,0
24,0,3,1,1,1,1,1,1,0,0,0,0,0,0,0
124,16,29,11,24,25,25,20,6,0,0,0,0,0,0,0
93,23,4,10,11,12,13,5,0,0,0,0,0,0,0,0
126,17,57,57,59,71,52,13,0,0,0,0,0,0,0,0
38,11,5,5,5,0,0,0,0,0,0,0,0,0,0,0
82,17,38,34,38,34,10,0,0,0,0,0,0,0,0,0
40,28,6,18,9,18,9,9,0,0,0,0,0,0,0,0
40,6,17,8,17,8,8,0,0,0,0,0,0,0,0,0
52,6,14,14,14,14,8,0,0,0,0,0,0,0,0,0
41,21,6,132,18,9,9,0,0,0,0,0,0,0,0,0
44,6,17,8,8,0,0,0,0,0,0,0,0,0,0,0
52,6,14,14,8,0,0,0,0,0,0,0,0,0,0,0
52,5,10,13,12,0,0,0,0,0,0,0,0,0,0,0
131,17,81,25,25,0,0,0,0,0,0,0,0,0,0,0
122,49,21,8,8,0,0,0,0,0,0,0,0,0,0,0
396,381,0,0,0,0,0,0,0,0,0,0,0,0,0,0
396,1382,0,0,0,0,0,0,0,0,0,0,0,0,0,0
396,307,0,0,0,0,0,0,0,0,0,0,0,0,0,0
396,393,0,0,0,0,0,0,0,0,0,0,0,0,0,0
396,381,0,0,0,0,0,0,0,0,0,0,0,0,0,0
396,345,0,0,0,0,0,0,0,0,0,0,0,0,0,0
398,269,5698,0,0,0,0,0,0,0,0,0,0,0,0,0
190,57,6,166,200,55,6,95,92,6,67,79,95,79,116,197
206,11,513,11,224,11,190,112,171,149,155,144,116,11,191,143
51,0,1,0,3,3,9,6,5,5,9,9,11,8,12,0
64,1,31,1,1,1,1,1,1,1,1,1,1,1,0,0
85,37,1,1,1,1,1,1,1,1,1,1,1,0,0,0
77,1,26,1,1,1,1,1,1,1,1,1,1,1,0,0
58,18,1,2,2,1,1,2,1,1,1,1,2,0,0,0
79,1,35,1,1,1,1,1,1,1,1,1,1,1,0,0
78,1,22,2,1,2,2,1,1,1,1,2,1,1,0,0
47,8,2,2,2,2,2,1,1,1,2,1,1,0,0,0
67,1,21,1,1,1,1,1,1,1,1,1,1,1,0,0
136,68,32,60,242,0,0,0,0,0,0,0,0,0,0,0
153,30,30,239,0,0,0,0,0,0,0,0,0,0,0,0
97,39,76,104,0,0,0,0,0,0,0,0,0,0,0,0
142,101,450,0,0,0,0,0,0,0,0,0,0,0,0,0
254,77,909,0,0,0,0,0,0,0,0,0,0,0,0,0
262,18,1483,0,0,0,0,0,0,0,0,0,0,0,0,0
160,35,534,0,0,0,0,0,0,0,0,0,0,0,0,0
186,34,649,0,0,0,0,0,0,0,0,0,0,0,0,0
323,1,0,0,0,0,0,0,0,0,0,0,0,0,0,0
151,16,43,81,41,40,32,44,0,0,0,0,0,0,0,0
247,8,57,147,163,222,156,133,0,0,0,0,0,0,0,0
62,1,2,2,9,6,5,5,0,0,0,0,0,0,0,0
105,66,54,13,67,19,68,67,40,123,110,14,0,0,0,0
49,11,60,30,4,0,0,0,0,0,0,0,0,0,0,0
62,42,0,0,0,0,0,0,0,0,0,0,0,0,0,0
71,15,20,0,0,0,0,0,0,0,0,0,0,0,0,0
79,36,16,20,41,42,11,19,0,0,0,0,0,0,0,0
54,42,0,0,0,0,0,0,0,0,0,0,0,0,0,0
51,45,83,0,0,0,0,0,0,0,0,0,0,0,0,0
73,40,0,0,0,0,0,0,0,0,0,0,0,0,0,0
79,88,0,14,21,17,8,11,0,14,21,17,8,11,0,14
69,2,13,15,38,22,27,9,17,14,40,19,80,5,17,14
52,11,14,0,0,0,0,0,0,0,0,0,0,0,0,0
63,34,11,15,33,0,0,0,0,0,0,0,0,0,0,0
72,15,9,0,0,0,0,0,0,0,0,0,0,0,0,0
69,2,21,15,10,7,10,6,11,36,21,9,3,5,17,38
65,57,0,0,0,0,0,0,0,0,0,0,0,0,0,0
64,32,13,27,9,30,28,8,32,15,31,0,0,0,0,0
74,17,0,0,0,0,0,0,0,0,0,0,0,0,0,0
396,97,68,74,44,46,50,38,0,0,0,0,0,0,0,0
79,7,33,5,15,36,15,34,4,21,53,12,18,20,35,37
316,8,438,184,1085,303,867,1762,229,3,81,0,654,733,62,223
91,7,33,5,15,36,15,20,4,21,53,12,18,20,35,37
304,11,137,444,506,111,153,445,23,2,64,0,490,54,62,17
72,7,33,5,15,36,15,20,4,21,53,12,18,20,35,37
325,9,446,1049,318,379,496,627,190,91,64,0,675,237,556,26
78,7,33,5,15,36,15,20,4,21,53,12,18,20,35,37
318,8,67,134,542,421,434,578,25,2,64,0,515,54,62,16
60,7,33,5,15,36,15,20,4,21,53,12,18,20,35,37
336,9,152,758,1590,445,148,510,25,3,64,0,400,54,364,461
68,7,33,5,15,36,15,20,0,4,21,53,12,18,20,35
328,5,121,195,892,248,210,1724,624,35,2,64,0,1194,83,378
81,7,33,5,15,36,15,20,4,21,53,12,18,20,35,37
315,5,38,196,506,190,519,439,129,2,64,0,358,11,391,128
84,7,33,5,15,36,15,20,4,21,53,12,18,20,35,37
312,5,110,89,774,196,165,1069,25,2,64,0,360,54,487,276
72,7,33,5,15,36,15,20,4,21,53,12,18,20,35,37
324,11,251,246,592,377,404,266,25,2,64,0,591,54,530,221
101,7,33,5,15,36,15,20,4,21,53,12,18,20,35,37
295,6,135,51,364,206,3,291,25,2,64,0,400,106,491,11
61,7,33,5,15,36,15,20,0,4,21,53,12,18,0,20
335,2,109,716,578,452,494,1139,631,42,2,64,0,2208,351,254
79,7,33,5,15,36,15,20,4,21,53,12,18,20,35,37
317,11,175,81,1319,83,252,584,33,2,64,0,213,105,183,11
79,7,33,5,15,36,15,20,4,21,53,12,18,20,35,37
317,19,24,633,573,215,631,239,27,2,64,0,328,172,530,11
90,7,33,5,15,36,15,20,0,4,21,53,12,18,20,35
306,6,386,3,2107,325,39,352,1703,28,3,64,0,1541,54,214
88,7,33,5,15,36,15,20,4,21,53,12,18,20,35,37
308,6,36,3,546,154,543,799,33,3,82,0,443,196,31,11
94,7,33,5,15,36,15,20,4,21,53,12,18,20,35,37
302,12,248,41,1023,214,150,1233,33,2,70,0,213,89,132,86
63,7,33,5,15,36,15,20,4,21,53,12,18,0,20,35
335,6,500,760,994,1371,93,1380,42,3,70,0,1433,985,1022,498
79,7,33,5,15,36,15,20,4,21,53,12,18,0,20,35
317,18,4,360,572,424,249,984,562,166,455,0,1600,1696,54,521
74,7,33,5,15,36,15,20,4,21,53,12,18,20,35,37
322,45,344,279,552,488,252,243,43,10,37,0,222,37,229,11
10,0,1,0,0,0,0,0,0,0,0,0,0,0,0,0
78,4,0,39,38,30,41,65,41,34,30,27,9,11,46,27
310,10,0,371,644,138,260,405,150,555,570,503,494,593,344,335
43,14,9,0,5,0,0,0,0,0,0,0,0,0,0,0
63,20,27,19,0,0,0,0,0,0,0,0,0,0,0,0
61,6,25,32,0,0,0,0,0,0,0,0,0,0,0,0
206,11,299,168,149,0,0,0,0,0,0,0,0,0,0,0
70,18,31,32,30,27,34,0,0,0,0,0,0,0,0,0
37,6,11,5,5,11,11,0,0,0,0,0,0,0,0,0
266,11,501,365,693,509,403,0,0,0,0,0,0,0,0,0
182,33,66,68,70,89,59,101,0,0,0,0,0,0,0,0
191,30,94,82,71,97,54,149,0,0,0,0,0,0,0,0
218,5,21,238,23,133,0,0,0,0,0,0,0,0,0,0
155,6,128,122,0,0,0,0,0,0,0,0,0,0,0,0
116,30,18,17,18,19,6,14,6,0,0,0,0,0,0,0
257,73,18,48,23,151,66,117,0,0,0,0,0,0,0,0
160,5,48,15,9,19,16,8,10,20,32,32,11,14,21,13
213,42,39,6,6,17,23,6,36,45,75,17,26,91,23,40
303,59,33,95,38,27,25,5,13,4,43,0,0,0,0,0
43,4,4,3,4,4,3,4,3,3,3,0,0,0,0,0
27,4,4,3,4,4,3,4,4,4,3,0,0,0,0,0
144,18,22,26,24,25,21,31,31,23,7,7,8,7,0,0
44,4,4,5,4,5,0,4,5,0,4,4,4,4,0,0
98,19,4,5,4,5,0,4,5,0,4,4,4,4,0,0
87,19,4,5,4,5,0,4,5,0,4,4,4,4,0,0
49,9,21,20,11,12,0,0,0,0,0,0,0,0,0,0
125,5,22,21,43,46,180,273,50,53,22,0,0,0,0,0
115,7,62,99,283,165,62,18,53,53,53,0,0,0,0,0
149,4,112,73,140,152,170,146,168,130,158,0,0,0,0,0
112,11,70,82,45,103,126,123,28,28,68,0,0,0,0,0
71,22,4,4,15,19,18,0,0,15,0,0,0,11,16,5
65,7,7,6,4,10,3,16,8,10,6,12,7,10,0,11
48,9,9,11,12,0,11,6,0,0,0,0,0,0,0,5
189,13,13,255,137,32,211,587,80,40,143,484,114,485,258,194
60,22,4,4,17,0,0,0,0,0,14,0,0,11,0,0
60,7,7,5,25,5,10,10,4,18,15,12,17,6,0,7
71,9,9,9,5,0,0,0,0,0,0,0,40,17,34,19
182,13,13,135,99,74,132,367,75,159,18,91,917,111,537,57
93,22,4,4,6,0,0,0,0,21,0,0,10,0,0,17
100,7,7,25,28,26,6,4,6,26,10,8,27,18,14,12
180,13,13,52,140,42,82,26,39,56,147,57,68,162,39,146
87,4,4,19,4,17,4,22,8,0,0,0,0,0,0,0
71,7,0,23,24,26,11,9,0,7,0,17,10,10,0,0
215,13,203,184,145,128,155,15,92,155,9,59,141,31,54,0
72,10,4,13,25,10,16,0,0,0,0,0,0,0,0,0
69,7,7,7,7,44,41,0,0,0,0,0,0,0,0,0
66,12,62,40,0,25,56,0,0,0,0,0,0,0,0,0
90,16,56,33,68,23,32,0,0,0,0,0,0,0,0,0
76,9,54,52,48,50,26,0,0,0,0,0,0,0,0,0
130,8,6,34,43,24,7,8,0,0,0,0,0,0,0,0
38,7,2,4,2,3,3,6,0,0,0,0,0,0,0,0
37,7,2,4,2,2,2,13,0,0,0,0,0,0,0,0
72,4,9,18,9,9,22,17,0,0,0,0,0,0,0,0
96,9,16,21,24,21,39,22,0,0,0,0,0,0,0,0
81,0,21,38,17,22,22,20,15,0,0,0,0,0,0,0
103,6,21,73,56,67,63,83,0,0,0,0,0,0,0,0
100,8,129,162,101,66,30,63,62,0,0,0,0,0,0,0
89,7,120,36,45,18,118,26,0,0,0,0,0,0,0,0
90,6,12,29,25,9,32,47,20,40,61,39,14,0,0,0
40,8,5,5,5,5,5,5,1,1,5,1,1,0,0,0
42,8,5,5,5,5,1,5,5,5,5,5,1,0,0,0
41,8,5,5,5,1,1,5,1,5,1,1,1,0,0,0
42,8,5,1,5,1,1,5,1,1,5,5,1,0,0,0
39,9,5,1,5,5,5,1,1,1,5,1,1,0,0,0
40,9,5,5,5,1,5,5,1,1,5,1,1,0,0,0
38,9,5,5,5,1,1,5,1,1,5,5,1,0,0,0
26,22,4,4,2,2,2,2,2,2,2,2,2,3,3,3
148,6,6,66,20,23,20,60,61,118,39,43,50,46,76,42
30,4,4,3,3,3,3,3,3,3,3,3,3,3,3,3
169,6,6,58,55,42,15,13,53,29,41,21,147,18,88,66
55,22,0,0,35,0,0,0,0,0,0,0,0,0,0,6
86,10,10,18,33,28,42,41,38,23,24,11,11,25,41,31
125,9,9,1,67,67,40,85,80,1,65,101,79,110,31,1
108,6,6,1,60,60,60,45,37,1,9,1,37,37,9,1
56,10,1,7,4,4,10,1,8,5,7,0,0,0,0,0
55,16,6,4,3,3,4,1,3,3,3,0,0,0,0,0
78,23,11,6,5,5,5,0,5,5,1,0,0,0,0,0
62,25,8,1,5,4,4,1,1,1,1,0,0,0,0,0
53,9,8,4,5,5,1,1,1,1,1,0,0,0,0,0
53,5,8,5,4,4,0,0,0,0,0,0,0,0,0,0
56,25,3,3,3,3,3,11,2,2,3,0,0,0,0,0
64,1,1,1,3,14,1,1,1,0,0,0,0,0,0,0
72,0,0,0,3,16,0,0,0,0,0,0,0,0,0,0
39,5,14,14,11,0,0,0,0,0,0,0,0,0,0,0
69,28,16,16,13,0,0,0,0,0,0,0,0,0,0,0
63,11,15,39,22,0,0,0,0,0,0,0,0,0,0,0
64,17,8,14,0,0,0,0,0,0,0,0,0,0,0,0
64,11,14,14,14,0,0,0,0,0,0,0,0,0,0,0
74,5,30,34,32,38,30,54,0,0,0,0,0,0,0,0
57,0,11,9,17,11,0,0,0,0,0,0,0,0,0,0
168,36,33,29,17,67,0,0,0,0,0,0,0,0,0,0
147,33,32,30,20,67,0,0,0,0,0,0,0,0,0,0
125,38,39,25,41,62,72,44,0,0,0,0,0,0,0,0
248,18,90,315,309,201,148,165,0,0,0,0,0,0,0,0
77,18,31,18,12,0,0,0,0,0,0,0,0,0,0,0
296,11,142,764,284,0,0,0,0,0,0,0,0,0,0,0
98,8,39,26,35,20,16,25,0,0,0,0,0,0,0,0
275,11,239,157,118,117,453,195,0,0,0,0,0,0,0,0
173,0,14,12,3,22,15,12,13,35,23,8,0,0,0,0
56,4,5,5,5,6,6,5,6,6,5,5,0,0,0,0
56,4,5,5,5,6,6,5,6,5,5,5,0,0,0,0
56,4,5,5,5,6,6,5,5,5,5,5,0,0,0,0
32,4,5,5,5,6,6,5,5,5,5,5,0,0,0,0
199,0,14,12,3,22,15,12,13,35,23,8,0,0,0,0
94,9,4,4,5,4,4,5,6,6,5,4,0,0,0,0
80,19,4,4,4,4,4,4,5,5,4,4,0,0,0,0
88,0,4,3,12,17,10,13,8,5,0,0,0,0,0,0
42,4,1,4,5,4,4,5,4,5,0,0,0,0,0,0
42,3,4,1,1,5,5,1,4,4,0,0,0,0,0,0
73,12,5,1,1,4,4,1,5,4,0,0,0,0,0,0
88,17,4,5,4,1,1,4,5,3,0,0,0,0,0,0
61,10,4,5,4,1,1,4,5,3,0,0,0,0,0,0
75,13,5,1,1,4,4,1,5,4,0,0,0,0,0,0
52,8,4,4,5,5,5,5,1,4,0,0,0,0,0,0
29,5,5,4,4,3,3,4,4,1,0,0,0,0,0,0
95,0,4,3,8,0,0,0,0,0,0,0,0,0,0,0
119,4,1,4,5,0,0,0,0,0,0,0,0,0,0,0
121,3,4,1,5,0,0,0,0,0,0,0,0,0,0,0
39,8,5,5,1,0,0,0,0,0,0,0,0,0,0,0
158,0,4,26,3,7,22,15,8,12,13,5,0,0,0,0
87,8,5,4,5,4,4,4,5,5,5,5,0,0,0,0
87,8,5,4,5,4,4,4,5,5,5,5,0,0,0,0
41,8,5,4,4,4,4,4,5,5,5,5,0,0,0,0
140,0,4,26,3,7,22,15,8,12,13,5,0,0,0,0
97,8,4,4,5,4,5,4,4,5,5,5,0,0,0,0
95,8,4,4,5,4,5,4,4,5,5,5,0,0,0,0
41,8,4,4,5,4,5,4,4,5,5,5,0,0,0,0
51,0,7,5,0,0,0,0,0,0,0,0,0,0,0,0
37,4,4,4,4,4,4,0,0,0,0,0,0,0,0,0
57,7,6,7,7,6,7,7,6,7,7,6,7,7,6,7
50,8,5,5,5,5,5,5,5,5,5,4,4,4,4,4
47,7,5,5,5,5,5,4,4,4,4,5,5,5,5,5
60,16,5,5,5,5,5,5,5,5,5,5,5,5,5,5
60,21,4,4,4,4,4,4,4,4,4,5,4,4,5,4
59,14,4,4,4,4,4,4,4,4,4,4,4,4,4,4
52,17,4,4,4,4,4,4,4,4,4,4,4,4,4,4
49,12,5,5,4,5,4,4,5,5,4,4,4,4,4,4
29,9,5,5,5,5,5,5,5,5,5,5,5,5,5,5
79,6,1,1,2,1,2,1,1,1,1,1,1,1,1,1
196,11,12,15,17,14,22,8,12,6,9,9,4,11,25,8
98,4,2,1,1,10,10,1,4,1,6,2,1,1,10,5
112,10,12,12,15,18,21,9,0,0,0,0,0,0,0,0
54,14,1,1,1,1,3,0,0,0,0,0,0,0,0,0
72,27,0,0,0,0,0,4,0,0,0,0,0,0,0,0
74,28,3,5,3,3,4,0,0,0,0,0,0,0,0,0
56,16,3,3,3,3,3,0,0,0,0,0,0,0,0,0
73,28,4,2,5,0,0,0,0,0,0,0,0,0,0,0
64,12,2,2,2,2,2,0,0,0,0,0,0,0,0,0
45,10,19,18,18,7,9,9,0,0,0,0,0,0,0,0
53,0,5,4,7,5,11,4,7,0,0,0,0,0,0,0
116,30,9,7,7,7,7,7,9,0,0,0,0,0,0,0
75,18,3,7,7,7,7,8,7,0,0,0,0,0,0,0
129,35,9,7,8,7,7,8,9,0,0,0,0,0,0,0
172,35,7,10,5,10,3,14,13,0,0,0,0,0,0,0
172,13,4,5,5,5,5,5,5,5,0,0,0,0,0,0
29,4,5,5,5,5,5,5,5,0,0,0,0,0,0,0
86,23,8,8,13,37,18,29,13,26,17,11,0,0,0,0
173,11,11,81,426,128,125,296,370,182,0,0,0,0,0,0
114,21,21,21,118,174,125,334,123,87,0,0,0,0,0,0
115,23,14,14,13,16,14,0,23,0,20,26,20,20,26,25
110,13,13,1,11,10,19,16,1,1,1,1,1,1,6,7
55,23,23,0,1,1,1,1,5,5,0,5,1,1,1,1
46,17,17,0,1,0,0,1,1,1,0,1,1,1,1,1
46,18,18,0,1,0,0,1,1,0,0,0,0,0,0,0
59,13,13,0,1,1,1,0,0,0,0,0,0,1,1,1
41,15,15,0,1,1,1,1,1,0,0,1,1,1,1,1
36,12,12,0,0,0,0,1,1,0,0,0,1,0,0,1
41,18,18,0,0,0,0,1,1,1,0,0,0,0,0,0
24,0,2,2,2,2,2,0,0,0,0,0,0,0,0,0
50,20,0,1,0,0,1,0,0,0,0,0,0,0,0,0
75,31,0,0,0,0,1,0,0,0,0,0,0,0,0,0
61,24,0,1,1,0,1,0,0,0,0,0,0,0,0,0
37,7,1,1,0,0,0,0,0,0,0,0,0,0,0,0
56,22,0,0,0,1,0,0,0,0,0,0,0,0,0,0
70,47,0,0,1,1,0,0,0,0,0,0,0,0,0,0
85,14,36,6,11,13,12,18,13,9,18,7,0,0,0,0
288,11,38,30,51,196,49,41,57,82,33,150,0,0,0,0
105,22,36,6,13,18,12,12,11,16,22,18,7,0,0,0
268,29,49,131,36,71,33,47,12,65,13,79,22,0,0,0
96,23,36,6,12,11,17,23,0,0,0,0,0,0,0,0
147,29,52,71,14,10,31,37,0,0,0,0,0,0,0,0
130,22,49,35,41,84,39,39,0,0,0,0,0,0,0,0
142,52,51,0,0,0,0,0,0,0,0,0,0,0,0,0
133,20,68,0,0,0,0,0,0,0,0,0,0,0,0,0
97,20,66,0,0,0,0,0,0,0,0,0,0,0,0,0
143,23,94,0,0,0,0,0,0,0,0,0,0,0,0,0
110,20,114,0,0,0,0,0,0,0,0,0,0,0,0,0
120,20,105,0,0,0,0,0,0,0,0,0,0,0,0,0
90,28,16,0,0,0,0,0,0,0,0,0,0,0,0,0
159,20,32,0,0,0,0,0,0,0,0,0,0,0,0,0
124,20,32,0,0,0,0,0,0,0,0,0,0,0,0,0
82,25,20,0,0,0,0,0,0,0,0,0,0,0,0,0
206,20,100,0,0,0,0,0,0,0,0,0,0,0,0,0
86,20,29,0,0,0,0,0,0,0,0,0,0,0,0,0
68,28,27,0,0,0,0,0,0,0,0,0,0,0,0,0
230,20,175,0,0,0,0,0,0,0,0,0,0,0,0,0
75,20,42,0,0,0,0,0,0,0,0,0,0,0,0,0
132,32,38,0,0,0,0,0,0,0,0,0,0,0,0,0
120,20,37,0,0,0,0,0,0,0,0,0,0,0,0,0
121,20,57,0,0,0,0,0,0,0,0,0,0,0,0,0
59,38,13,0,0,0,0,0,0,0,0,0,0,0,0,0
120,20,77,0,0,0,0,0,0,0,0,0,0,0,0,0
74,20,31,16,0,0,0,0,0,0,0,0,0,0,0,0
120,58,56,0,0,0,0,0,0,0,0,0,0,0,0,0
141,53,27,39,46,22,26,51,42,0,0,0,0,0,0,0
101,15,13,17,14,13,17,14,13,17,14,13,17,14,13,17
78,13,1,1,3,1,1,3,1,1,1,1,1,3,1,1
53,23,1,1,1,1,1,3,1,1,1,1,1,1,1,1
68,15,19,13,15,0,0,0,0,0,0,0,0,0,0,0
217,10,227,209,184,0,0,0,0,0,0,0,0,0,0,0
88,7,81,64,67,0,0,0,0,0,0,0,0,0,0,0
53,4,33,6,36,12,7,10,8,12,11,10,0,0,0,0
87,19,94,78,16,34,22,21,24,44,0,0,0,0,0,0
77,4,1,37,2,3,2,3,2,3,2,3,2,3,0,18
50,12,7,8,1,1,1,1,1,1,1,1,1,1,0,1
25,1,0,0,5,5,5,4,5,5,5,5,5,5,0,5
29,4,6,6,0,0,0,0,0,0,0,0,0,0,0,5
30,5,6,6,0,0,0,0,0,0,0,0,0,0,0,0
21,3,3,3,3,3,3,3,3,3,0,0,0,0,0,0
85,4,7,7,14,8,11,14,16,12,15,11,17,20,0,0
24,0,0,0,0,0,0,0,0,0,0,0,0,0,0,0
65,0,3,1,1,1,1,1,1,1,5,5,5,0,0,0
82,14,3,1,1,1,1,1,1,1,5,5,5,5,5,0
89,3,1,1,1,1,1,1,1,5,5,5,0,0,0,0
28,3,1,1,1,1,1,1,1,5,5,5,0,0,0,0
56,14,3,3,3,3,9,8,10,7,8,7,4,7,0,0
56,8,1,1,1,1,22,4,4,4,4,4,2,4,0,0
28,9,8,19,4,26,4,1,1,1,1,1,1,1,0,0
41,8,1,1,1,1,1,1,1,0,0,0,0,0,0,0
34,11,1,1,1,1,1,1,1,0,0,0,0,0,0,0
25,3,1,1,1,1,1,1,1,0,0,0,0,0,0,0
54,0,0,0,0,0,6,12,10,10,10,10,12,3,0,0
36,0,0,0,0,0,7,1,1,1,1,1,1,1,0,0
43,0,0,0,0,0,7,7,8,8,8,8,7,8,0,0